{
	"start":	{
		"connected":	[{
				"socket":	5,
				"local_host":	"172.30.0.4",
				"local_port":	34216,
				"remote_host":	"172.30.0.2",
				"remote_port":	5201
			}],
		"version":	"iperf 3.16",
		"system_info":	"Linux aedc4946320c 5.10.124-linuxkit #1 SMP PREEMPT Thu Jun 30 08:18:26 UTC 2022 aarch64",
		"timestamp":	{
			"time":	"Mon, 13 May 2024 04:21:31 GMT",
			"timesecs":	1715574091
		},
		"connecting_to":	{
			"host":	"iperf-server1",
			"port":	5201
		},
		"cookie":	"cl6whjwji65czogdwsgraab362ml33bm7cly",
		"target_bitrate":	1048576,
		"fq_rate":	0,
		"sock_bufsize":	0,
		"sndbuf_actual":	212992,
		"rcvbuf_actual":	212992,
		"test_start":	{
			"protocol":	"UDP",
			"num_streams":	1,
			"blksize":	1398,
			"omit":	0,
			"duration":	30,
			"bytes":	0,
			"blocks":	0,
			"reverse":	0,
			"tos":	0,
			"target_bitrate":	1048576,
			"bidir":	0,
			"fqrate":	0
		}
	},
	"intervals":	[{
			"streams":	[{
					"socket":	5,
					"start":	0,
					"end":	1.000093,
					"seconds":	1.0000929832458496,
					"bytes":	131412,
					"bits_per_second":	1051198.2561741094,
					"packets":	94,
					"omitted":	false,
					"sender":	true
				}],
			"sum":	{
				"start":	0,
				"end":	1.000093,
				"seconds":	1.0000929832458496,
				"bytes":	131412,
				"bits_per_second":	1051198.2561741094,
				"packets":	94,
				"omitted":	false,
				"sender":	true
			}
		}, {
			"streams":	[{
					"socket":	5,
					"start":	1.000093,
					"end":	2.000147,
					"seconds":	1.0000540018081665,
					"bytes":	131412,
					"bits_per_second":	1051239.2311807007,
					"packets":	94,
					"omitted":	false,
					"sender":	true
				}],
			"sum":	{
				"start":	1.000093,
				"end":	2.000147,
				"seconds":	1.0000540018081665,
				"bytes":	131412,
				"bits_per_second":	1051239.2311807007,
				"packets":	94,
				"omitted":	false,
				"sender":	true
			}
		}, {
			"streams":	[{
					"socket":	5,
					"start":	2.000147,
					"end":	3.000141,
					"seconds":	0.99999397993087769,
					"bytes":	131412,
					"bits_per_second":	1051302.3289126884,
					"packets":	94,
					"omitted":	false,
					"sender":	true
				}],
			"sum":	{
				"start":	2.000147,
				"end":	3.000141,
				"seconds":	0.99999397993087769,
				"bytes":	131412,
				"bits_per_second":	1051302.3289126884,
				"packets":	94,
				"omitted":	false,
				"sender":	true
			}
		}, {
			"streams":	[{
					"socket":	5,
					"start":	3.000141,
					"end":	4.00017,
					"seconds":	1.0000289678573608,
					"bytes":	130014,
					"bits_per_second":	1040081.8710567156,
					"packets":	93,
					"omitted":	false,
					"sender":	true
				}],
			"sum":	{
				"start":	3.000141,
				"end":	4.00017,
				"seconds":	1.0000289678573608,
				"bytes":	130014,
				"bits_per_second":	1040081.8710567156,
				"packets":	93,
				"omitted":	false,
				"sender":	true
			}
		}, {
			"streams":	[{
					"socket":	5,
					"start":	4.00017,
					"end":	5.000145,
					"seconds":	0.999975025653839,
					"bytes":	131412,
					"bits_per_second":	1051322.25608595,
					"packets":	94,
					"omitted":	false,
					"sender":	true
				}],
			"sum":	{
				"start":	4.00017,
				"end":	5.000145,
				"seconds":	0.999975025653839,
				"bytes":	131412,
				"bits_per_second":	1051322.25608595,
				"packets":	94,
				"omitted":	false,
				"sender":	true
			}
		}, {
			"streams":	[{
					"socket":	5,
					"start":	5.000145,
					"end":	6.000123,
					"seconds":	0.999978005886078,
					"bytes":	131412,
					"bits_per_second":	1051319.122832556,
					"packets":	94,
					"omitted":	false,
					"sender":	true
				}],
			"sum":	{
				"start":	5.000145,
				"end":	6.000123,
				"seconds":	0.999978005886078,
				"bytes":	131412,
				"bits_per_second":	1051319.122832556,
				"packets":	94,
				"omitted":	false,
				"sender":	true
			}
		}, {
			"streams":	[{
					"socket":	5,
					"start":	6.000123,
					"end":	7.000139,
					"seconds":	1.0000159740448,
					"bytes":	131412,
					"bits_per_second":	1051279.2068188533,
					"packets":	94,
					"omitted":	false,
					"sender":	true
				}],
			"sum":	{
				"start":	6.000123,
				"end":	7.000139,
				"seconds":	1.0000159740448,
				"bytes":	131412,
				"bits_per_second":	1051279.2068188533,
				"packets":	94,
				"omitted":	false,
				"sender":	true
			}
		}, {
			"streams":	[{
					"socket":	5,
					"start":	7.000139,
					"end":	8.00008,
					"seconds":	0.99994099140167236,
					"bytes":	130014,
					"bits_per_second":	1040173.3791731227,
					"packets":	93,
					"omitted":	false,
					"sender":	true
				}],
			"sum":	{
				"start":	7.000139,
				"end":	8.00008,
				"seconds":	0.99994099140167236,
				"bytes":	130014,
				"bits_per_second":	1040173.3791731227,
				"packets":	93,
				"omitted":	false,
				"sender":	true
			}
		}, {
			"streams":	[{
					"socket":	5,
					"start":	8.00008,
					"end":	9.000184,
					"seconds":	1.0001039505004883,
					"bytes":	131412,
					"bits_per_second":	1051186.7286134539,
					"packets":	94,
					"omitted":	false,
					"sender":	true
				}],
			"sum":	{
				"start":	8.00008,
				"end":	9.000184,
				"seconds":	1.0001039505004883,
				"bytes":	131412,
				"bits_per_second":	1051186.7286134539,
				"packets":	94,
				"omitted":	false,
				"sender":	true
			}
		}, {
			"streams":	[{
					"socket":	5,
					"start":	9.000184,
					"end":	10.000254,
					"seconds":	1.0000699758529663,
					"bytes":	131412,
					"bits_per_second":	1051222.4398131168,
					"packets":	94,
					"omitted":	false,
					"sender":	true
				}],
			"sum":	{
				"start":	9.000184,
				"end":	10.000254,
				"seconds":	1.0000699758529663,
				"bytes":	131412,
				"bits_per_second":	1051222.4398131168,
				"packets":	94,
				"omitted":	false,
				"sender":	true
			}
		}, {
			"streams":	[{
					"socket":	5,
					"start":	10.000254,
					"end":	11.000181,
					"seconds":	0.99992698431015,
					"bytes":	131412,
					"bits_per_second":	1051372.7667078506,
					"packets":	94,
					"omitted":	false,
					"sender":	true
				}],
			"sum":	{
				"start":	10.000254,
				"end":	11.000181,
				"seconds":	0.99992698431015,
				"bytes":	131412,
				"bits_per_second":	1051372.7667078506,
				"packets":	94,
				"omitted":	false,
				"sender":	true
			}
		}, {
			"streams":	[{
					"socket":	5,
					"start":	11.000181,
					"end":	12.000185,
					"seconds":	1.0000040531158447,
					"bytes":	130014,
					"bits_per_second":	1040107.7843226591,
					"packets":	93,
					"omitted":	false,
					"sender":	true
				}],
			"sum":	{
				"start":	11.000181,
				"end":	12.000185,
				"seconds":	1.0000040531158447,
				"bytes":	130014,
				"bits_per_second":	1040107.7843226591,
				"packets":	93,
				"omitted":	false,
				"sender":	true
			}
		}, {
			"streams":	[{
					"socket":	5,
					"start":	12.000185,
					"end":	13.000343,
					"seconds":	1.0001579523086548,
					"bytes":	131412,
					"bits_per_second":	1051129.97159429,
					"packets":	94,
					"omitted":	false,
					"sender":	true
				}],
			"sum":	{
				"start":	12.000185,
				"end":	13.000343,
				"seconds":	1.0001579523086548,
				"bytes":	131412,
				"bits_per_second":	1051129.97159429,
				"packets":	94,
				"omitted":	false,
				"sender":	true
			}
		}, {
			"streams":	[{
					"socket":	5,
					"start":	13.000343,
					"end":	14.000066,
					"seconds":	0.99972301721572876,
					"bytes":	131412,
					"bits_per_second":	1051587.2715703838,
					"packets":	94,
					"omitted":	false,
					"sender":	true
				}],
			"sum":	{
				"start":	13.000343,
				"end":	14.000066,
				"seconds":	0.99972301721572876,
				"bytes":	131412,
				"bits_per_second":	1051587.2715703838,
				"packets":	94,
				"omitted":	false,
				"sender":	true
			}
		}, {
			"streams":	[{
					"socket":	5,
					"start":	14.000066,
					"end":	15.000101,
					"seconds":	1.0000350475311279,
					"bytes":	131412,
					"bits_per_second":	1051259.1559620078,
					"packets":	94,
					"omitted":	false,
					"sender":	true
				}],
			"sum":	{
				"start":	14.000066,
				"end":	15.000101,
				"seconds":	1.0000350475311279,
				"bytes":	131412,